{
    "GALDEPTH_G": -0.011925942902873682,
    "GALDEPTH_R": -0.07574169870492506,
    "GALDEPTH_Z": 0.04151257723631024,
    "NOBS_G": 0.2270071292140713,
    "NOBS_R": 0.09796103841568296,
    "NOBS_Z": -0.010267622123380418,
    "PSFDEPTH_G": 0.002190023051509435,
    "PSFDEPTH_R": -0.0623079941876045,
    "PSFDEPTH_W1": 0.012566211021547369,
    "PSFDEPTH_W2": -0.08448792310292799,
    "PSFDEPTH_Z": 0.060124737801466474,
    "PSFSIZE_G": 0.0229567968680471,
    "PSFSIZE_R": 0.006218010168256575,
    "PSFSIZE_Z": -0.10080238376617179
}