{
    "GALDEPTH_G": 0.25618068999358334,
    "GALDEPTH_R": 0.21971878108158416,
    "GALDEPTH_Z": 0.3047152974495536,
    "NOBS_G": 0.20094848641657664,
    "NOBS_R": 0.1985378530435713,
    "NOBS_Z": 0.24115898867565444,
    "PSFDEPTH_G": 0.2786652660344284,
    "PSFDEPTH_R": 0.231078075702283,
    "PSFDEPTH_W1": 0.27138734668542946,
    "PSFDEPTH_W2": 0.14003966779235855,
    "PSFDEPTH_Z": 0.3176309742406386,
    "PSFSIZE_G": -0.09081102849135092,
    "PSFSIZE_R": -0.10894309144553856,
    "PSFSIZE_Z": 0.32723521583696996
}