{
    "GALDEPTH_G": -0.11661088535283468,
    "GALDEPTH_R": -0.06586014746451486,
    "GALDEPTH_Z": 0.01640210382301929,
    "NOBS_G": -0.1077424977749353,
    "NOBS_R": -0.014730191193693962,
    "NOBS_Z": -0.006715801222562352,
    "PSFDEPTH_G": -0.09266751403115736,
    "PSFDEPTH_R": -0.059069074046197635,
    "PSFDEPTH_W1": 0.04550129592893902,
    "PSFDEPTH_W2": 0.07503033412976409,
    "PSFDEPTH_Z": 0.018510141482021493,
    "PSFSIZE_G": 0.01784021245993402,
    "PSFSIZE_R": -0.015096111701764368,
    "PSFSIZE_Z": -0.019029800129745228
}