{
    "GALDEPTH_G": 0.16675991130898224,
    "GALDEPTH_R": 0.13216833654306295,
    "GALDEPTH_Z": 0.12282955374783855,
    "NOBS_G": 0.1544701863811952,
    "NOBS_R": 0.1503903057802279,
    "NOBS_Z": 0.14796597126662522,
    "PSFDEPTH_G": 0.1779945745763069,
    "PSFDEPTH_R": 0.12824642182710663,
    "PSFDEPTH_W1": 0.010742520720656706,
    "PSFDEPTH_W2": 0.1686195575349416,
    "PSFDEPTH_Z": 0.11914669395761052,
    "PSFSIZE_G": -0.11997591540124625,
    "PSFSIZE_R": -0.11526051135095489,
    "PSFSIZE_Z": -0.1735430462528434
}